{"loss": [1.100623369216919, 0.2315828502178192, 0.1577477753162384, 0.2470765858888626, 0.19455929100513458, 0.11775574833154678, 0.12945899367332458, 0.1103706806898117, 0.12742272019386292, 0.0977141484618187, 0.13481956720352173, 0.09728196263313293, 0.09892088174819946, 0.09570541977882385, 0.08637932687997818, 0.11153455823659897, 0.1309538334608078, 0.12376026064157486, 0.09496038407087326, 0.09610851109027863], "accuracy": [0.8224999904632568, 0.793749988079071, 0.8199999928474426, 0.8387500047683716, 0.8324999809265137, 0.8587499856948853, 0.8262500166893005, 0.8849999904632568, 0.8374999761581421, 0.887499988079071, 0.8487499952316284, 0.8774999976158142, 0.9075000286102295, 0.9037500023841858, 0.9012500047683716, 0.9012500047683716, 0.8799999952316284, 0.8837500214576721, 0.9024999737739563, 0.9175000190734863], "val_loss": [36.1055908203125], "val_accuracy": [0.5]}