{"loss": [0.15458828210830688, 0.1271708458662033, 0.0879177674651146, 0.10308285802602768, 0.12294919043779373, 0.10331392288208008, 0.10564985871315002, 0.13245543837547302, 0.08096809685230255, 0.08297239989042282], "accuracy": [0.8287500143051147, 0.8675000071525574, 0.9012500047683716, 0.9024999737739563, 0.8550000190734863, 0.875, 0.8812500238418579, 0.8462499976158142, 0.90625, 0.9012500047683716], "val_loss": [12.429919242858887], "val_accuracy": [0.5]}