{"loss": [0.2784619629383087, 0.14164412021636963, 0.13331297039985657, 0.11669615656137466, 0.13278913497924805, 0.116361103951931, 0.11414559185504913, 0.11630081385374069, 0.1324588507413864, 0.11572250723838806, 0.11977739632129669, 0.13453614711761475, 0.1149667352437973, 0.11603923887014389, 0.09320520609617233], "accuracy": [0.7049999833106995, 0.8162500262260437, 0.84375, 0.8774999976158142, 0.8575000166893005, 0.8550000190734863, 0.8612499833106995, 0.8774999976158142, 0.8550000190734863, 0.8612499833106995, 0.8712499737739563, 0.8500000238418579, 0.8712499737739563, 0.8612499833106995, 0.8974999785423279], "val_loss": [4908.7431640625], "val_accuracy": [0.5]}