{"loss": [0.16551704704761505, 0.09904366731643677, 0.07714509963989258, 0.09840072691440582, 0.07922740280628204, 0.09376204758882523, 0.0924745723605156, 0.09234863519668579, 0.0852651596069336, 0.07672160863876343, 0.05333103984594345, 0.09455858916044235, 0.07914106547832489, 0.08215094357728958, 0.06544548273086548, 0.04993842914700508, 0.08049681037664413, 0.05933576077222824, 0.09265854954719543, 0.06840323656797409], "accuracy": [0.8237500190734863, 0.8762500286102295, 0.9162499904632568, 0.8974999785423279, 0.9237499833106995, 0.9012500047683716, 0.9037500023841858, 0.8987500071525574, 0.9125000238418579, 0.918749988079071, 0.9424999952316284, 0.9037500023841858, 0.9237499833106995, 0.918749988079071, 0.9387500286102295, 0.9474999904632568, 0.9075000286102295, 0.9262499809265137, 0.9100000262260437, 0.9212499856948853], "val_loss": [24.497848510742188], "val_accuracy": [0.5]}