{"loss": [1.661339521408081, 0.20618675649166107, 0.19636741280555725, 0.15379486978054047, 0.20631319284439087, 0.16584479808807373, 0.2019946426153183, 0.16705308854579926, 0.22447247803211212, 0.44559401273727417, 0.29336458444595337, 0.23008328676223755, 0.21681593358516693, 0.30400046706199646, 0.2756216526031494], "accuracy": [0.737500011920929, 0.7837499976158142, 0.7337499856948853, 0.7950000166893005, 0.7225000262260437, 0.7975000143051147, 0.7225000262260437, 0.7900000214576721, 0.6225000023841858, 0.8424999713897705, 0.7412499785423279, 0.5262500047683716, 0.6100000143051147, 0.675000011920929, 0.5400000214576721], "val_loss": [60.22489547729492], "val_accuracy": [0.5]}