{"loss": [1.0469884872436523, 0.22145682573318481, 0.13761809468269348, 0.12619571387767792, 0.12747283279895782, 0.10313334316015244, 0.12405163049697876, 0.07596251368522644, 0.10507398843765259, 0.09668633341789246], "accuracy": [0.7987499833106995, 0.8512499928474426, 0.8737499713897705, 0.8712499737739563, 0.875, 0.8862500190734863, 0.8799999952316284, 0.9300000071525574, 0.8912500143051147, 0.887499988079071], "val_loss": [34.443241119384766], "val_accuracy": [0.5]}